{
    "ABSOLUTE_BAROMETRIC_PRESSURE": 0.255246,
    "VEHICLE_SPEED": 0.125440,
    "COOLANT_TEMPERATURE": 0.100561,
    "CATALYST_TEMPERATURE_BANK1_SENSOR1": 0.085919,
    "CONTROL_MODULE_VOLTAGE": 0.054824,
    "ENGINE_RUN_TIME": 0.053459,
    "ENGINE_RPM": 0.051045,
    "INTAKE_AIR_TEMP": 0.050913,
    "SHORT_TERM_FUEL_TRIM_BANK_1": 0.041733,
    "CATALYST_TEMPERATURE_BANK1_SENSOR2": 0.036150,
    "THROTTLE": 0.033936,
    "INTAKE_MANIFOLD_PRESSURE": 0.032304,
    "ENGINE_LOAD": 0.031437,
    "FUEL_TANK": 0.022872,
    "LONG_TERM_FUEL_TRIM_BANK_1": 0.009208,
    "FUEL_AIR_COMMANDED_EQUIV_RATIO": 0.007540,
    "TIMING_ADVANCE": 0.007412
}

